Label,precision,recall,f1-score,support
negatif,0.884393063583815,0.8406593406593407,0.8619718309859155,364.0
positif,0.6979166666666666,0.7701149425287356,0.73224043715847,174.0
accuracy,0.8178438661710037,0.8178438661710037,0.8178438661710037,0.8178438661710037
macro avg,0.7911548651252408,0.8053871415940381,0.7971061340721928,538.0
weighted avg,0.8240828534284548,0.8178438661710037,0.8200140939487862,538.0
