Label,precision,recall,f1-score,support
negatif,0.6236559139784946,0.8529411764705882,0.7204968944099379,136.0
positif,0.9439775910364145,0.828009828009828,0.8821989528795812,407.0
accuracy,0.8342541436464088,0.8342541436464088,0.8342541436464088,0.8342541436464088
macro avg,0.7838167525074546,0.8404755022402082,0.8013479236447596,543.0
weighted avg,0.8637496940200663,0.8342541436464088,0.8416989898006283,543.0
