Label,precision,recall,f1-score,support
negatif,0.6558441558441559,0.7593984962406015,0.7038327526132404,133.0
positif,0.9177377892030848,0.8707317073170732,0.8936170212765957,410.0
accuracy,0.8434622467771639,0.8434622467771639,0.8434622467771639,0.8434622467771639
macro avg,0.7867909725236204,0.8150651017788373,0.798724886944918,543.0
weighted avg,0.853590729835244,0.8434622467771639,0.8471321083259028,543.0
